Workbook
Name FiltroDati_Anno: #N/A

Sheet Analysis
A1: Constructors | B1: Year | C1: Budget Cap Spent | D1: Points Scored | E1: Cost per Point
A2: RED BULL | B2: 2023 | C2: 135000000 | D2: =_xlfn.MAXIFS(Src_constructor_standings!D:D,Src_constructor_standings!H:H,Tabella2_1[[#This Row],[Constructors]],Src_constructor_standings!I:I,Tabella2_1[[#This Row],[Year]]) -> 860 | E2: =IFERROR(C2/D2, "") -> 156976.74
A3: RED BULL | B3: 2022 | C3: 140000000 | D3: =_xlfn.MAXIFS(Src_constructor_standings!D:D,Src_constructor_standings!H:H,Tabella2_1[[#This Row],[Constructors]],Src_constructor_standings!I:I,Tabella2_1[[#This Row],[Year]]) -> 759 | E3: =IFERROR(C3/D3, "") -> 184453.23
A4: MCLAREN | B4: 2024 | C4: 135000000 | D4: =_xlfn.MAXIFS(Src_constructor_standings!D:D,Src_constructor_standings!H:H,Tabella2_1[[#This Row],[Constructors]],Src_constructor_standings!I:I,Tabella2_1[[#This Row],[Year]]) -> 666 | E4: =IFERROR(C4/D4, "") -> 202702.7
A5: FERRARI | B5: 2024 | C5: 135000000 | D5: =_xlfn.MAXIFS(Src_constructor_standings!D:D,Src_constructor_standings!H:H,Tabella2_1[[#This Row],[Constructors]],Src_constructor_standings!I:I,Tabella2_1[[#This Row],[Year]]) -> 652 | E5: =IFERROR(C5/D5, "") -> 207055.21 | H5: Constructors | I5: Cost per Point
A6: RED BULL | B6: 2024 | C6: 135000000 | D6: =_xlfn.MAXIFS(Src_constructor_standings!D:D,Src_constructor_standings!H:H,Tabella2_1[[#This Row],[Constructors]],Src_constructor_standings!I:I,Tabella2_1[[#This Row],[Year]]) -> 589 | E6: =IFERROR(C6/D6, "") -> 229202.04 | H6: MERCEDES | I6: 236348.82
A7: MERCEDES | B7: 2021 | C7: 145000000 | D7: =_xlfn.MAXIFS(Src_constructor_standings!D:D,Src_constructor_standings!H:H,Tabella2_1[[#This Row],[Constructors]],Src_constructor_standings!I:I,Tabella2_1[[#This Row],[Year]]) -> 613.5 | E7: =IFERROR(C7/D7, "") -> 236348.82 | H7: RED BULL | I7: 251614.01
A8: RED BULL | B8: 2021 | C8: 147320000 | D8: =_xlfn.MAXIFS(Src_constructor_standings!D:D,Src_constructor_standings!H:H,Tabella2_1[[#This Row],[Constructors]],Src_constructor_standings!I:I,Tabella2_1[[#This Row],[Year]]) -> 585.5 | E8: =IFERROR(C8/D8, "") -> 251614.01 | H8: FERRARI | I8: 448222.57
A9: FERRARI | B9: 2022 | C9: 140000000 | D9: =_xlfn.MAXIFS(Src_constructor_standings!D:D,Src_constructor_standings!H:H,Tabella2_1[[#This Row],[Constructors]],Src_constructor_standings!I:I,Tabella2_1[[#This Row],[Year]]) -> 554 | E9: =IFERROR(C9/D9, "") -> 252707.58 | H9: MCLAREN | I9: 527272.73
A10: MERCEDES | B10: 2022 | C10: 140000000 | D10: =_xlfn.MAXIFS(Src_constructor_standings!D:D,Src_constructor_standings!H:H,Tabella2_1[[#This Row],[Constructors]],Src_constructor_standings!I:I,Tabella2_1[[#This Row],[Year]]) -> 515 | E10: =IFERROR(C10/D10, "") -> 271844.66 | H10: ALPINE F1 TEAM | I10: 935483.87
A11: MERCEDES | B11: 2024 | C11: 135000000 | D11: =_xlfn.MAXIFS(Src_constructor_standings!D:D,Src_constructor_standings!H:H,Tabella2_1[[#This Row],[Constructors]],Src_constructor_standings!I:I,Tabella2_1[[#This Row],[Year]]) -> 468 | E11: =IFERROR(C11/D11, "") -> 288461.54 | H11: RB F1 TEAM | I11: 1021126.8
A12: MERCEDES | B12: 2023 | C12: 135000000 | D12: =_xlfn.MAXIFS(Src_constructor_standings!D:D,Src_constructor_standings!H:H,Tabella2_1[[#This Row],[Constructors]],Src_constructor_standings!I:I,Tabella2_1[[#This Row],[Year]]) -> 409 | E12: =IFERROR(C12/D12, "") -> 330073.35 | H12: ASTON MARTIN | I12: 1883116.9
A13: FERRARI | B13: 2023 | C13: 135000000 | D13: =_xlfn.MAXIFS(Src_constructor_standings!D:D,Src_constructor_standings!H:H,Tabella2_1[[#This Row],[Constructors]],Src_constructor_standings!I:I,Tabella2_1[[#This Row],[Year]]) -> 406 | E13: =IFERROR(C13/D13, "") -> 332512.32 | H13: WILLIAMS | I13: 5869565.2
A14: MCLAREN | B14: 2023 | C14: 135000000 | D14: =_xlfn.MAXIFS(Src_constructor_standings!D:D,Src_constructor_standings!H:H,Tabella2_1[[#This Row],[Constructors]],Src_constructor_standings!I:I,Tabella2_1[[#This Row],[Year]]) -> 302 | E14: =IFERROR(C14/D14, "") -> 447019.87 | H14: SAUBER | I14: 10384615
A15: FERRARI | B15: 2021 | C15: 145000000 | D15: =_xlfn.MAXIFS(Src_constructor_standings!D:D,Src_constructor_standings!H:H,Tabella2_1[[#This Row],[Constructors]],Src_constructor_standings!I:I,Tabella2_1[[#This Row],[Year]]) -> 323.5 | E15: =IFERROR(C15/D15, "") -> 448222.57
A16: ASTON MARTIN | B16: 2023 | C16: 135000000 | D16: =_xlfn.MAXIFS(Src_constructor_standings!D:D,Src_constructor_standings!H:H,Tabella2_1[[#This Row],[Constructors]],Src_constructor_standings!I:I,Tabella2_1[[#This Row],[Year]]) -> 280 | E16: =IFERROR(C16/D16, "") -> 482142.86
A17: MCLAREN | B17: 2021 | C17: 145000000 | D17: =_xlfn.MAXIFS(Src_constructor_standings!D:D,Src_constructor_standings!H:H,Tabella2_1[[#This Row],[Constructors]],Src_constructor_standings!I:I,Tabella2_1[[#This Row],[Year]]) -> 275 | E17: =IFERROR(C17/D17, "") -> 527272.73
A18: ALPINE F1 TEAM | B18: 2022 | C18: 140000000 | D18: =_xlfn.MAXIFS(Src_constructor_standings!D:D,Src_constructor_standings!H:H,Tabella2_1[[#This Row],[Constructors]],Src_constructor_standings!I:I,Tabella2_1[[#This Row],[Year]]) -> 173 | E18: =IFERROR(C18/D18, "") -> 809248.55
A19: MCLAREN | B19: 2022 | C19: 140000000 | D19: =_xlfn.MAXIFS(Src_constructor_standings!D:D,Src_constructor_standings!H:H,Tabella2_1[[#This Row],[Constructors]],Src_constructor_standings!I:I,Tabella2_1[[#This Row],[Year]]) -> 159 | E19: =IFERROR(C19/D19, "") -> 880503.14
A20: ALPINE F1 TEAM | B20: 2021 | C20: 145000000 | D20: =_xlfn.MAXIFS(Src_constructor_standings!D:D,Src_constructor_standings!H:H,Tabella2_1[[#This Row],[Constructors]],Src_constructor_standings!I:I,Tabella2_1[[#This Row],[Year]]) -> 155 | E20: =IFERROR(C20/D20, "") -> 935483.87
A21: RB F1 TEAM | B21: 2021 | C21: 145000000 | D21: =_xlfn.MAXIFS(Src_constructor_standings!D:D,Src_constructor_standings!H:H,Tabella2_1[[#This Row],[Constructors]],Src_constructor_standings!I:I,Tabella2_1[[#This Row],[Year]]) -> 142 | E21: =IFERROR(C21/D21, "") -> 1021126.8
A22: ALPINE F1 TEAM | B22: 2023 | C22: 135000000 | D22: =_xlfn.MAXIFS(Src_constructor_standings!D:D,Src_constructor_standings!H:H,Tabella2_1[[#This Row],[Constructors]],Src_constructor_standings!I:I,Tabella2_1[[#This Row],[Year]]) -> 120 | E22: =IFERROR(C22/D22, "") -> 1125000
A23: ASTON MARTIN | B23: 2024 | C23: 135000000 | D23: =_xlfn.MAXIFS(Src_constructor_standings!D:D,Src_constructor_standings!H:H,Tabella2_1[[#This Row],[Constructors]],Src_constructor_standings!I:I,Tabella2_1[[#This Row],[Year]]) -> 94 | E23: =IFERROR(C23/D23, "") -> 1436170.2
A24: ASTON MARTIN | B24: 2021 | C24: 145000000 | D24: =_xlfn.MAXIFS(Src_constructor_standings!D:D,Src_constructor_standings!H:H,Tabella2_1[[#This Row],[Constructors]],Src_constructor_standings!I:I,Tabella2_1[[#This Row],[Year]]) -> 77 | E24: =IFERROR(C24/D24, "") -> 1883116.9
A25: ALPINE F1 TEAM | B25: 2024 | C25: 135000000 | D25: =_xlfn.MAXIFS(Src_constructor_standings!D:D,Src_constructor_standings!H:H,Tabella2_1[[#This Row],[Constructors]],Src_constructor_standings!I:I,Tabella2_1[[#This Row],[Year]]) -> 65 | E25: =IFERROR(C25/D25, "") -> 2076923.1
A26: HAAS F1 TEAM | B26: 2024 | C26: 135000000 | D26: =_xlfn.MAXIFS(Src_constructor_standings!D:D,Src_constructor_standings!H:H,Tabella2_1[[#This Row],[Constructors]],Src_constructor_standings!I:I,Tabella2_1[[#This Row],[Year]]) -> 58 | E26: =IFERROR(C26/D26, "") -> 2327586.2
... A41: HAAS F1 TEAM | B41: 2021 | C41: 145000000 | D41: =_xlfn.MAXIFS(Src_constructor_standings!D:D,Src_constructor_standings!H:H,Tabella2_1[[#This Row],[Constructors]],Src_constructor_standings!I:I,Tabella2_1[[#This Row],[Year]]) -> 0 | E41: =IFERROR(C41/D41, "")

Sheet Pivot_Table
A3: Points/Year | B3: Year
A4: Constructors | B4: 2021 | C4: 2022 | D4: 2023 | E4: 2024
A5: Alpine F1 Team | B5: 155 | C5: 173 | D5: 120 | E5: 65
A6: Aston Martin | B6: 77 | C6: 55 | D6: 280 | E6: 94
A7: Ferrari | B7: 323.5 | C7: 554 | D7: 406 | E7: 652
A8: Haas F1 Team | B8: 0 | C8: 37 | D8: 12 | E8: 58
A9: McLaren | B9: 275 | C9: 159 | D9: 302 | E9: 666
A10: Mercedes | B10: 613.5 | C10: 515 | D10: 409 | E10: 468
A11: RB F1 Team | B11: 142 | C11: 35 | D11: 25 | E11: 46
A12: Red Bull | B12: 585.5 | C12: 759 | D12: 860 | E12: 589
A13: Sauber | B13: 13 | C13: 55 | D13: 16 | E13: 4
A14: Williams | B14: 23 | C14: 8 | D14: 28 | E14: 17

Sheet Src_races
A1: raceId | B1: year | C1: round | D1: circuitId | E1: name | F1: date | G1: time | H1: url | I1: fp1_date | J1: fp1_time | K1: fp2_date | L1: fp2_time | M1: fp3_date | N1: fp3_time | O1: quali_date | P1: quali_time | Q1: sprint_date | R1: sprint_time
A2: 833 | B2: 1950 | C2: 1 | D2: 9 | E2: British Grand Prix | F2: 18396 | G2: \N | H2: http://en.wikipedia.org/wiki/1950_British_Grand_Prix | I2: \N | J2: \N | K2: \N | L2: \N | M2: \N | N2: \N | O2: \N | P2: \N | Q2: \N | R2: \N
A3: 834 | B3: 1950 | C3: 2 | D3: 6 | E3: Monaco Grand Prix | F3: 18404 | G3: \N | H3: http://en.wikipedia.org/wiki/1950_Monaco_Grand_Prix | I3: \N | J3: \N | K3: \N | L3: \N | M3: \N | N3: \N | O3: \N | P3: \N | Q3: \N | R3: \N
A4: 835 | B4: 1950 | C4: 3 | D4: 19 | E4: Indianapolis 500 | F4: 18413 | G4: \N | H4: http://en.wikipedia.org/wiki/1950_Indianapolis_500 | I4: \N | J4: \N | K4: \N | L4: \N | M4: \N | N4: \N | O4: \N | P4: \N | Q4: \N | R4: \N
A5: 836 | B5: 1950 | C5: 4 | D5: 66 | E5: Swiss Grand Prix | F5: 18418 | G5: \N | H5: http://en.wikipedia.org/wiki/1950_Swiss_Grand_Prix | I5: \N | J5: \N | K5: \N | L5: \N | M5: \N | N5: \N | O5: \N | P5: \N | Q5: \N | R5: \N
A6: 837 | B6: 1950 | C6: 5 | D6: 13 | E6: Belgian Grand Prix | F6: 18432 | G6: \N | H6: http://en.wikipedia.org/wiki/1950_Belgian_Grand_Prix | I6: \N | J6: \N | K6: \N | L6: \N | M6: \N | N6: \N | O6: \N | P6: \N | Q6: \N | R6: \N
A7: 838 | B7: 1950 | C7: 6 | D7: 55 | E7: French Grand Prix | F7: 18446 | G7: \N | H7: http://en.wikipedia.org/wiki/1950_French_Grand_Prix | I7: \N | J7: \N | K7: \N | L7: \N | M7: \N | N7: \N | O7: \N | P7: \N | Q7: \N | R7: \N
A8: 839 | B8: 1950 | C8: 7 | D8: 14 | E8: Italian Grand Prix | F8: 18509 | G8: \N | H8: http://en.wikipedia.org/wiki/1950_Italian_Grand_Prix | I8: \N | J8: \N | K8: \N | L8: \N | M8: \N | N8: \N | O8: \N | P8: \N | Q8: \N | R8: \N
A9: 825 | B9: 1951 | C9: 1 | D9: 66 | E9: Swiss Grand Prix | F9: 18775 | G9: \N | H9: http://en.wikipedia.org/wiki/1951_Swiss_Grand_Prix | I9: \N | J9: \N | K9: \N | L9: \N | M9: \N | N9: \N | O9: \N | P9: \N | Q9: \N | R9: \N
A10: 826 | B10: 1951 | C10: 2 | D10: 19 | E10: Indianapolis 500 | F10: 18778 | G10: \N | H10: http://en.wikipedia.org/wiki/1951_Indianapolis_500 | I10: \N | J10: \N | K10: \N | L10: \N | M10: \N | N10: \N | O10: \N | P10: \N | Q10: \N | R10: \N
A11: 827 | B11: 1951 | C11: 3 | D11: 13 | E11: Belgian Grand Prix | F11: 18796 | G11: \N | H11: http://en.wikipedia.org/wiki/1951_Belgian_Grand_Prix | I11: \N | J11: \N | K11: \N | L11: \N | M11: \N | N11: \N | O11: \N | P11: \N | Q11: \N | R11: \N
A12: 828 | B12: 1951 | C12: 4 | D12: 55 | E12: French Grand Prix | F12: 18810 | G12: \N | H12: http://en.wikipedia.org/wiki/1951_French_Grand_Prix | I12: \N | J12: \N | K12: \N | L12: \N | M12: \N | N12: \N | O12: \N | P12: \N | Q12: \N | R12: \N
A13: 829 | B13: 1951 | C13: 5 | D13: 9 | E13: British Grand Prix | F13: 18823 | G13: \N | H13: http://en.wikipedia.org/wiki/1951_British_Grand_Prix | I13: \N | J13: \N | K13: \N | L13: \N | M13: \N | N13: \N | O13: \N | P13: \N | Q13: \N | R13: \N
... A1126: 1144 | B1126: 2024 | C1126: 24 | D1126: 24 | E1126: Abu Dhabi Grand Prix | F1126: 45634 | G1126: 13:00:00 | H1126: https://en.wikipedia.org/wiki/2024_Abu_Dhabi_Grand_Prix | I1126: 2024-12-06 | J1126: 09:30:00 | K1126: 2024-12-06 | L1126: 13:00:00 | M1126: 2024-12-07 | N1126: 10:30:00 | O1126: 2024-12-07 | P1126: 14:00:00 | Q1126: \N | R1126: \N

Sheet Src_constructor_results
A1: constructorResultsId | B1: raceId | C1: constructorId | D1: points | E1: status
A2: 3823 | B2: 1 | C2: 23 | D2: 18 | E2: \N
A3: 3824 | B3: 1 | C3: 1 | D3: 0 | E3: \N
A4: 3825 | B4: 1 | C4: 7 | D4: 11 | E4: \N
A5: 3826 | B5: 1 | C5: 4 | D5: 4 | E5: \N
A6: 3827 | B6: 1 | C6: 3 | D6: 3 | E6: \N
A7: 3828 | B7: 1 | C7: 5 | D7: 3 | E7: \N
A8: 3829 | B8: 1 | C8: 10 | D8: 0 | E8: \N
A9: 3830 | B9: 1 | C9: 2 | D9: 0 | E9: \N
A10: 3831 | B10: 1 | C10: 9 | D10: 0 | E10: \N
A11: 3832 | B11: 1 | C11: 6 | D11: 0 | E11: \N
A12: 3833 | B12: 2 | C12: 23 | D12: 7 | E12: \N
A13: 3834 | B13: 2 | C13: 2 | D13: 4 | E13: \N
... A12626: 17129 | B12626: 1144 | C12626: 15 | D12626: 0 | E12626: \N

Sheet Src_constructor_standings
A1: constructorStandingsId | B1: raceId | C1: constructorId | D1: points | E1: position | F1: positionText | G1: wins | H1: Nome Scuderia | I1: Anno
A2: 1 | B2: 18 | C2: 1 | D2: 14 | E2: 1 | F2: 1 | G2: 1 | H2: =_xlfn.XLOOKUP(constructor_standings__2[[#This Row],[constructorId]],Src_constructors!A:A,Src_constructors!C:C) -> McLaren | I2: =_xlfn.XLOOKUP(constructor_standings__2[[#This Row],[raceId]],Src_races!A:A,Src_races!B:B) -> 2008
A3: 7 | B3: 19 | C3: 1 | D3: 24 | E3: 1 | F3: 1 | G3: 1 | H3: =_xlfn.XLOOKUP(constructor_standings__2[[#This Row],[constructorId]],Src_constructors!A:A,Src_constructors!C:C) -> McLaren | I3: =_xlfn.XLOOKUP(constructor_standings__2[[#This Row],[raceId]],Src_races!A:A,Src_races!B:B) -> 2008
A4: 18 | B4: 20 | C4: 1 | D4: 28 | E4: 3 | F4: 3 | G4: 1 | H4: =_xlfn.XLOOKUP(constructor_standings__2[[#This Row],[constructorId]],Src_constructors!A:A,Src_constructors!C:C) -> McLaren | I4: =_xlfn.XLOOKUP(constructor_standings__2[[#This Row],[raceId]],Src_races!A:A,Src_races!B:B) -> 2008
A5: 29 | B5: 21 | C5: 1 | D5: 34 | E5: 3 | F5: 3 | G5: 1 | H5: =_xlfn.XLOOKUP(constructor_standings__2[[#This Row],[constructorId]],Src_constructors!A:A,Src_constructors!C:C) -> McLaren | I5: =_xlfn.XLOOKUP(constructor_standings__2[[#This Row],[raceId]],Src_races!A:A,Src_races!B:B) -> 2008
A6: 40 | B6: 22 | C6: 1 | D6: 42 | E6: 3 | F6: 3 | G6: 1 | H6: =_xlfn.XLOOKUP(constructor_standings__2[[#This Row],[constructorId]],Src_constructors!A:A,Src_constructors!C:C) -> McLaren | I6: =_xlfn.XLOOKUP(constructor_standings__2[[#This Row],[raceId]],Src_races!A:A,Src_races!B:B) -> 2008
A7: 51 | B7: 23 | C7: 1 | D7: 53 | E7: 2 | F7: 2 | G7: 2 | H7: =_xlfn.XLOOKUP(constructor_standings__2[[#This Row],[constructorId]],Src_constructors!A:A,Src_constructors!C:C) -> McLaren | I7: =_xlfn.XLOOKUP(constructor_standings__2[[#This Row],[raceId]],Src_races!A:A,Src_races!B:B) -> 2008
A8: 62 | B8: 24 | C8: 1 | D8: 53 | E8: 3 | F8: 3 | G8: 2 | H8: =_xlfn.XLOOKUP(constructor_standings__2[[#This Row],[constructorId]],Src_constructors!A:A,Src_constructors!C:C) -> McLaren | I8: =_xlfn.XLOOKUP(constructor_standings__2[[#This Row],[raceId]],Src_races!A:A,Src_races!B:B) -> 2008
A9: 73 | B9: 25 | C9: 1 | D9: 58 | E9: 3 | F9: 3 | G9: 2 | H9: =_xlfn.XLOOKUP(constructor_standings__2[[#This Row],[constructorId]],Src_constructors!A:A,Src_constructors!C:C) -> McLaren | I9: =_xlfn.XLOOKUP(constructor_standings__2[[#This Row],[raceId]],Src_races!A:A,Src_races!B:B) -> 2008
A10: 84 | B10: 26 | C10: 1 | D10: 72 | E10: 3 | F10: 3 | G10: 3 | H10: =_xlfn.XLOOKUP(constructor_standings__2[[#This Row],[constructorId]],Src_constructors!A:A,Src_constructors!C:C) -> McLaren | I10: =_xlfn.XLOOKUP(constructor_standings__2[[#This Row],[raceId]],Src_races!A:A,Src_races!B:B) -> 2008
A11: 95 | B11: 27 | C11: 1 | D11: 86 | E11: 3 | F11: 3 | G11: 4 | H11: =_xlfn.XLOOKUP(constructor_standings__2[[#This Row],[constructorId]],Src_constructors!A:A,Src_constructors!C:C) -> McLaren | I11: =_xlfn.XLOOKUP(constructor_standings__2[[#This Row],[raceId]],Src_races!A:A,Src_races!B:B) -> 2008
A12: 106 | B12: 28 | C12: 1 | D12: 100 | E12: 2 | F12: 2 | G12: 5 | H12: =_xlfn.XLOOKUP(constructor_standings__2[[#This Row],[constructorId]],Src_constructors!A:A,Src_constructors!C:C) -> McLaren | I12: =_xlfn.XLOOKUP(constructor_standings__2[[#This Row],[raceId]],Src_races!A:A,Src_races!B:B) -> 2008
A13: 117 | B13: 29 | C13: 1 | D13: 113 | E13: 2 | F13: 2 | G13: 5 | H13: =_xlfn.XLOOKUP(constructor_standings__2[[#This Row],[constructorId]],Src_constructors!A:A,Src_constructors!C:C) -> McLaren | I13: =_xlfn.XLOOKUP(constructor_standings__2[[#This Row],[raceId]],Src_races!A:A,Src_races!B:B) -> 2008
... A13392: 28980 | B13392: 1144 | C13392: 215 | D13392: 46 | E13392: 8 | F13392: 8 | G13392: 0 | H13392: =_xlfn.XLOOKUP(constructor_standings__2[[#This Row],[constructorId]],Src_constructors!A:A,Src_constructors!C:C) -> RB F1 Team | I13392: =_xlfn.XLOOKUP(constructor_standings__2[[#This Row],[raceId]],Src_races!A:A,Src_races!B:B) -> 2024

Sheet Src_constructors
A1: constructorId | B1: constructorRef | C1: name | D1: nationality | E1: url
A2: 161 | B2: adams | C2: Adams | D2: American | E2: http://en.wikipedia.org/wiki/Adams_(constructor)
A3: 147 | B3: afm | C3: AFM | D3: German | E3: http://en.wikipedia.org/wiki/Alex_von_Falkenhausen_Motorenbau
A4: 39 | B4: ags | C4: AGS | D4: French | E4: http://en.wikipedia.org/wiki/Automobiles_Gonfaronnaises_Sportives
A5: 51 | B5: alfa | C5: Sauber | D5: Swiss | E5: http://en.wikipedia.org/wiki/Alfa_Romeo_in_Formula_One
A6: 213 | B6: alphatauri | C6: RB F1 Team | D6: Italian | E6: http://en.wikipedia.org/wiki/Scuderia_AlphaTauri
A7: 214 | B7: alpine | C7: Alpine F1 Team | D7: French | E7: http://en.wikipedia.org/wiki/Alpine_F1_Team
A8: 126 | B8: alta | C8: Alta | D8: British | E8: http://en.wikipedia.org/wiki/Alta_auto_racing_team
A9: 78 | B9: amon | C9: Amon | D9: New Zealander | E9: http://en.wikipedia.org/wiki/Amon_(Formula_One_team)
A10: 38 | B10: moda | C10: Andrea Moda | D10: Italian | E10: http://en.wikipedia.org/wiki/Andrea_Moda_Formula
A11: 71 | B11: apollon | C11: Apollon | D11: Swiss | E11: http://en.wikipedia.org/wiki/Apollon_(Formula_One)
A12: 21 | B12: arrows | C12: Arrows | D12: British | E12: http://en.wikipedia.org/wiki/Arrows_Grand_Prix_International
A13: 137 | B13: arzani-volpini | C13: Arzani-Volpini | D13: Italian | E13: http://en.wikipedia.org/wiki/Arzani-Volpini
... A213: 49 | B213: zakspeed | C213: Zakspeed | D213: German | E213: http://en.wikipedia.org/wiki/Zakspeed
